admin|audit_logs|table|16384
admin|scheduled_tasks|table|24576
admin|system_announcements|table|16384
admin|user_data_assignments|table|16384
admin|user_data_dimensions|table|49152
admin|user_data_security_policies|table|40960
admin|user_duty_role_privileges|table|40960
admin|user_duty_roles|table|49152
admin|user_job_role_assignments|table|40960
admin|user_job_role_duties|table|40960
admin|user_job_roles|table|49152
admin|user_privileges|table|49152
ap|__drizzle_migrations|table|24576
ap|accounting_entries|table|16384
ap|aging_snapshots|table|24576
ap|ai_agent_logs|table|32768
ap|ai_decisions|table|32768
ap|ai_workflow_state|table|16384
ap|ap_invoice_lines|table|114688
ap|ap_invoices|table|229376
ap|ap_supplier_locations|table|24576
ap|ap_supplier_sites|table|98304
ap|ap_suppliers|table|131072
ap|bank_accounts|table|49152
ap|bank_statement_lines|table|24576
ap|bank_statements|table|16384
ap|discount_tracking|table|16384
ap|expense_report_lines|table|24576
ap|expense_reports|table|32768
ap|gl_mapping_rules|table|16384
ap|import_error_log|table|16384
ap|import_interface|table|24576
ap|invoice_attachments|table|16384
ap|invoice_distributions|table|24576
ap|invoice_holds|table|32768
ap|match_exceptions|table|32768
ap|matching_rules|table|24576
ap|mv_ap_aging|matview|24576
ap|payment_batches|table|32768
ap|payment_instructions|table|57344
ap|payment_methods|table|65536
ap|payment_terms|table|65536
ap|period_status|table|16384
ap|prepayment_applications|table|8192
ap|prepayments|table|24576
ap|tax_codes|table|57344
ap|v_ai_orchestration_status|view|0
ap|v_ap_aging|view|0
ap|v_ap_aging_summary|view|0
ap|v_ap_invoice_with_lines|view|0
ap|v_cash_flow_projection|view|0
ap|v_invoice_approval_pending|view|0
ap|v_payment_batch_summary|view|0
ap|v_supplier_payment_summary|view|0
ap|v_tax_summary|view|0
ap|withholding_tax|table|24576
ap|workflow_definitions|table|24576
ap|workflow_tasks|table|16384
ar|__drizzle_migrations|table|24576
ar|accounting_entries|table|16384
ar|adjustments|table|32768
ar|aging_snapshots|table|24576
ar|ai_agent_logs|table|32768
ar|ai_decisions|table|32768
ar|ai_workflow_state|table|16384
ar|ar_customer_locations|table|65536
ar|ar_customer_sites|table|65536
ar|ar_customers|table|163840
ar|ar_invoice_lines|table|65536
ar|ar_invoices|table|131072
ar|bank_accounts|table|32768
ar|cash_receipts|table|49152
ar|collection_tasks|table|40960
ar|credit_holds|table|49152
ar|credit_profiles|table|24576
ar|cust_site_uses|table|24576
ar|customer_deposits|table|32768
ar|deposit_applications|table|16384
ar|dunning_history|table|24576
ar|dunning_plans|table|65536
ar|import_error_log|table|16384
ar|import_interface|table|24576
ar|invoice_distributions|table|24576
ar|mv_ar_aging|matview|73728
ar|payment_schedules|table|24576
ar|period_status|table|16384
ar|receipt_applications|table|24576
ar|receipt_batches|table|24576
ar|revenue_schedules|table|16384
ar|tax_codes|table|24576
ar|transaction_types|table|65536
ar|v_ar_customer_list|view|0
ar|v_ar_invoice_with_lines|view|0
ar|workflow_definitions|table|24576
ar|workflow_tasks|table|16384
collab|__drizzle_migrations|table|24576
collab|activities|table|163840
collab|calendar_events|table|65536
collab|channel_messages|table|49152
collab|channels|table|57344
collab|dm_conversations|table|24576
collab|dm_messages|table|49152
collab|todos|table|73728
core|__drizzle_migrations|table|24576
core|addresses|table|163840
core|attachments|table|65536
core|business_units|table|57344
core|companies|table|81920
core|corporates|table|32768
core|countries|table|24576
core|currencies|table|24576
core|event_store|table|147456
core|locations|table|90112
core|objects|table|172032
core|partner_bank_accounts|table|40960
core|partner_contacts|table|81920
core|partner_groups|table|49152
core|partner_sites|table|106496
core|partners|table|245760
core|permissions|table|98304
core|role_permissions|table|98304
core|roles|table|49152
core|sites|table|65536
core|system_config|table|49152
core|tenants|table|40960
core|user_org_assignments|table|90112
core|user_profiles|table|24576
core|user_roles|table|57344
core|users|table|98304
core|v_event_log|view|0
core|v_items_full|view|0
core|v_location_utilization|view|0
core|v_partners_full|view|0
core|v_warehouse_hierarchy|view|0
core|warehouses|table|81920
eam|__drizzle_migrations|table|24576
eam|eam_ai_agent_logs|table|40960
eam|eam_ai_decisions|table|32768
eam|eam_ai_workflow_state|table|40960
eam|eam_alerts|table|163840
eam|eam_asset_attachments|table|32768
eam|eam_asset_bom|table|98304
eam|eam_asset_categories|table|24576
eam|eam_asset_criticality|table|32768
eam|eam_asset_hierarchy|table|122880
eam|eam_asset_types|table|81920
eam|eam_asset_vendors|table|32768
eam|eam_assets|table|376832
eam|eam_audit_log|table|40960
eam|eam_budgets|table|49152
eam|eam_calibration_requirements|table|40960
eam|eam_calibration_results|table|40960
eam|eam_compliance_records|table|40960
eam|eam_compliance_requirements|table|24576
eam|eam_components|table|65536
eam|eam_condition_monitoring_programs|table|81920
eam|eam_condition_readings|table|49152
eam|eam_contract_assets|table|32768
eam|eam_crafts|table|32768
eam|eam_decommission_plans|table|40960
eam|eam_document_assignments|table|32768
eam|eam_documents|table|81920
eam|eam_failure_codes|table|131072
eam|eam_failure_history|table|245760
eam|eam_fmea_items|table|32768
eam|eam_fmea_studies|table|32768
eam|eam_functional_locations|table|106496
eam|eam_inspections|table|57344
eam|eam_integration_connections|table|24576
eam|eam_integration_logs|table|40960
eam|eam_jsa|table|24576
eam|eam_jsa_steps|table|32768
eam|eam_kit_contents|table|24576
eam|eam_kits|table|24576
eam|eam_kpi_definitions|table|32768
eam|eam_kpi_values|table|114688
eam|eam_langgraph_workflows|table|90112
eam|eam_llm_configs|table|16384
eam|eam_loto|table|40960
eam|eam_maintenance_costs|table|49152
eam|eam_meter_assignments|table|57344
eam|eam_meter_readings|table|2736128
eam|eam_meters|table|81920
eam|eam_ml_models|table|98304
eam|eam_notifications|table|32768
eam|eam_optimization_problems|table|32768
eam|eam_optimization_solutions|table|24576
eam|eam_ortools_problems|table|24576
eam|eam_permits|table|49152
eam|eam_physical_locations|table|49152
eam|eam_pm_assignments|table|73728
eam|eam_pm_schedule_optimized|table|32768
eam|eam_pm_schedules|table|114688
eam|eam_pm_scheduling_problems|table|16384
eam|eam_pm_templates|table|139264
eam|eam_predictions|table|106496
eam|eam_predictive_maintenance|table|98304
eam|eam_prompt_templates|table|65536
eam|eam_rca_actions|table|24576
eam|eam_rca_causes|table|40960
eam|eam_rca_studies|table|40960
eam|eam_rcm_analyses|table|32768
eam|eam_rcm_studies|table|32768
eam|eam_safety_plans|table|32768
eam|eam_scenarios|table|32768
eam|eam_scipy_analyses|table|32768
eam|eam_service_contracts|table|49152
eam|eam_spare_parts_consumption|table|32768
eam|eam_spare_parts_storage|table|24576
eam|eam_storage_locations|table|49152
eam|eam_storage_optimization_problems|table|16384
eam|eam_technician_certifications|table|40960
eam|eam_technician_routes|table|32768
eam|eam_technician_routing_problems|table|8192
eam|eam_technician_skills|table|73728
eam|eam_technicians|table|98304
eam|eam_tools|table|49152
eam|eam_vector_documents|table|81920
eam|eam_warranties|table|40960
eam|eam_warranty_claims|table|40960
eam|eam_wo_labor|table|40960
eam|eam_wo_operations|table|32768
eam|eam_wo_tasks|table|49152
eam|eam_wo_tools|table|24576
eam|eam_work_order_statuses|table|32768
eam|eam_work_order_types|table|32768
eam|eam_work_orders|table|319488
eam|v_asset_criticality_matrix|view|0
eam|v_asset_hierarchy|view|0
eam|v_asset_lifecycle|view|0
eam|v_asset_summary|view|0
eam|v_budget_vs_actual|view|0
eam|v_calibration_status|view|0
eam|v_failure_pareto|view|0
eam|v_inspection_status|view|0
eam|v_kpi_dashboard|view|0
eam|v_maintenance_cost_summary|view|0
eam|v_mtbf_mttr|view|0
eam|v_pm_schedule_summary|view|0
eam|v_predictive_maintenance_alerts|view|0
eam|v_spare_parts_availability|view|0
eam|v_technician_schedule|view|0
eam|v_technician_workload|view|0
eam|v_warranty_status|view|0
eam|v_work_order_dashboard|view|0
exp|__drizzle_migrations|table|24576
exp|claim_headers|table|40960
exp|claim_lines|table|32768
exp|exp_categories|table|40960
exp|mv_expense_by_category|matview|40960
exp|v_claim_summary|view|0
fa|__drizzle_migrations|table|24576
fa|ai_agent_logs|table|49152
fa|ai_decisions|table|57344
fa|ai_model_registry|table|65536
fa|ai_workflow_state|table|65536
fa|fa_additions|table|57344
fa|fa_adjustments|table|40960
fa|fa_agent_definitions|table|40960
fa|fa_algorithms|table|32768
fa|fa_asset_attachments|table|32768
fa|fa_asset_book_assignments|table|65536
fa|fa_asset_categories|table|147456
fa|fa_asset_category_hierarchy|table|32768
fa|fa_asset_components|table|32768
fa|fa_asset_custom_attributes|table|49152
fa|fa_asset_photos|table|32768
fa|fa_asset_storage|table|49152
fa|fa_asset_tags|table|57344
fa|fa_asset_types|table|98304
fa|fa_assets|table|319488
fa|fa_bonus_depreciation|table|40960
fa|fa_book_types|table|81920
fa|fa_cip_costs|table|40960
fa|fa_cip_projects|table|57344
fa|fa_count_lines|table|81920
fa|fa_count_routes|table|49152
fa|fa_count_sheets|table|98304
fa|fa_count_variances|table|57344
fa|fa_custodians|table|131072
fa|fa_deprn_book_periods|table|57344
fa|fa_deprn_books|table|57344
fa|fa_deprn_calculation|table|81920
fa|fa_deprn_conventions|table|81920
fa|fa_deprn_methods|table|98304
fa|fa_group_asset_members|table|32768
fa|fa_group_assets|table|49152
fa|fa_impairments|table|40960
fa|fa_insurance_claims|table|49152
fa|fa_insurance_policies|table|65536
fa|fa_integration_connections|table|49152
fa|fa_integration_logs|table|57344
fa|fa_langgraph_executions|table|106496
fa|fa_langgraph_states|table|57344
fa|fa_langgraph_workflows|table|114688
fa|fa_lease_assets|table|32768
fa|fa_lease_schedules|table|40960
fa|fa_leases|table|65536
fa|fa_llm_configs|table|49152
fa|fa_locations|table|81920
fa|fa_ml_models|table|98304
fa|fa_mobile_devices|table|114688
fa|fa_mobile_scans|table|262144
fa|fa_mobile_sync_batches|table|81920
fa|fa_mobile_users|table|98304
fa|fa_optimization_problems|table|98304
fa|fa_ortools_problems|table|73728
fa|fa_photos|table|32768
fa|fa_physical_counts|table|122880
fa|fa_prediction_actuals|table|32768
fa|fa_predictions|table|122880
fa|fa_prompt_templates|table|57344
fa|fa_reinstatements|table|40960
fa|fa_report_schedules|table|40960
fa|fa_reports|table|49152
fa|fa_retirements|table|49152
fa|fa_revaluations|table|40960
fa|fa_scenarios|table|40960
fa|fa_scipy_analyses|table|32768
fa|fa_signatures|table|40960
fa|fa_solver_configs|table|32768
fa|fa_tax_payments|table|32768
fa|fa_tax_records|table|57344
fa|fa_transactions|table|106496
fa|fa_transfers|table|73728
fa|fa_vector_documents|table|106496
fa|fa_warranties|table|65536
fa|fa_warranty_claims|table|49152
fa|v_fa_asset_register|view|0
fa|v_fa_asset_roll_forward|view|0
fa|v_fa_asset_summary|view|0
fa|v_fa_cip_summary|view|0
fa|v_fa_deprn_expense_by_period|view|0
fa|v_fa_deprn_schedule|view|0
fa|v_fa_disposal_gain_loss|view|0
fa|v_fa_insurance_status|view|0
fa|v_fa_lease_summary|view|0
fa|v_fa_mobile_scan_progress|view|0
fa|v_fa_physical_count_summary|view|0
fa|v_fa_physical_count_variances|view|0
fa|v_fa_warranty_status|view|0
gl|__drizzle_migrations|table|24576
gl|account_combinations|table|114688
gl|accounting_books|table|24576
gl|ai_agent_logs|table|32768
gl|ai_decisions|table|65536
gl|ai_workflow_checkpoints|table|24576
gl|ai_workflow_state|table|16384
gl|balances|table|73728
gl|budget_balances|table|57344
gl|budget_versions|table|16384
gl|chart_of_accounts|table|122880
gl|exchange_rates|table|57344
gl|fiscal_periods|table|106496
gl|import_error_log|table|16384
gl|import_interface|table|24576
gl|journal_categories|table|49152
gl|journal_headers|table|147456
gl|journal_lines|table|139264
gl|journal_sources|table|49152
gl|ledgers|table|73728
gl|mv_account_balance_by_period|matview|40960
gl|mv_trial_balance|matview|40960
gl|period_statuses|table|57344
gl|v_journal_entry_view|view|0
gl|workflow_definitions|table|24576
gl|workflow_tasks|table|16384
inv|__drizzle_migrations|table|24576
inv|abc_assignments|table|16384
inv|abc_classes|table|40960
inv|ai_agent_logs|table|16384
inv|ai_decisions|table|32768
inv|ai_workflow_state|table|16384
inv|cost_types|table|40960
inv|cycle_count_schedules|table|40960
inv|import_error_log|table|16384
inv|import_interface|table|24576
inv|inspection_plans|table|16384
inv|inspection_results|table|16384
inv|inv_cycle_counts|table|49152
inv|inv_onhand_balances|table|122880
inv|inv_reservations|table|40960
inv|inv_transaction_types|table|40960
inv|item_attributes|table|65536
inv|item_costs|table|16384
inv|lot_genealogy|table|24576
inv|lot_master|table|57344
inv|lot_onhand|table|57344
inv|lpn_contents|table|16384
inv|lpn_master|table|32768
inv|material_transactions|table|131072
inv|move_order_headers|table|24576
inv|move_order_lines|table|16384
inv|physical_inventory_headers|table|24576
inv|physical_inventory_lines|table|16384
inv|replenishment_rules|table|24576
inv|serial|table|40960
inv|serial_genealogy|table|16384
inv|transfer_order_lines|table|16384
inv|transfer_orders|table|24576
inv|v_aged_onhand|view|0
inv|v_cycle_count_dashboard|view|0
inv|v_inventory_valuation|view|0
inv|v_lot_expiration_alerts|view|0
inv|v_onhand_summary|view|0
inv|v_replenishment_candidates|view|0
inv|v_reservation_summary|view|0
inv|v_stock_by_warehouse|view|0
inv|v_transaction_history|view|0
inv|workflow_definitions|table|24576
inv|workflow_tasks|table|16384
log|__drizzle_migrations|table|24576
log|accessorial_charges|table|49152
log|accessorial_rate_lines|table|40960
log|ai_agent_logs|table|65536
log|ai_decisions|table|57344
log|ai_workflow_state|table|57344
log|carrier_addresses|table|32768
log|carrier_certifications|table|40960
log|carrier_contacts|table|32768
log|carrier_contracts|table|49152
log|carrier_edi_capabilities|table|40960
log|carrier_equipment|table|57344
log|carrier_equipment_types|table|40960
log|carrier_insurance|table|40960
log|carrier_performance|table|40960
log|carrier_service_levels|table|32768
log|carrier_services|table|40960
log|carriers|table|57344
log|certificates_of_origin|table|49152
log|claim_evidence|table|40960
log|claim_lines|table|40960
log|claims|table|81920
log|compliance_accidents|table|57344
log|compliance_dvir|table|65536
log|compliance_eld|table|49152
log|compliance_ifta|table|40960
log|compliance_violations|table|65536
log|container_seals|table|49152
log|containers|table|57344
log|customs_declaration_lines|table|49152
log|customs_declarations|table|65536
log|deliveries|table|73728
log|delivery_lines|table|40960
log|dispatches|table|73728
log|dock_appointments|table|57344
log|dock_doors|table|57344
log|document_distribution|table|40960
log|document_types|table|40960
log|documents|table|57344
log|driver_certifications|table|49152
log|driver_hos|table|65536
log|driver_payroll|table|49152
log|driver_training|table|49152
log|drivers|table|65536
log|equipment|table|65536
log|equipment_assignments|table|49152
log|equipment_tracking_devices|table|49152
log|equipment_types|table|49152
log|freight_audit|table|49152
log|freight_cost_allocations|table|49152
log|freight_cost_lines|table|40960
log|freight_costs|table|57344
log|freight_invoice_lines|table|40960
log|freight_invoices|table|81920
log|fuel_consumption|table|98304
log|fuel_surcharge_lines|table|24576
log|fuel_surcharge_tables|table|49152
log|fuel_transactions|table|57344
log|geofence_events|table|98304
log|gps_pings|table|139264
log|hazmat_classifications|table|40960
log|hazmat_incidents|table|57344
log|hazmat_packaging|table|32768
log|hazmat_segregation|table|40960
log|hs_codes|table|40960
log|incoterms|table|32768
log|insurance_policies|table|57344
log|interface_error_log|table|49152
log|interface_shipment_import|table|49152
log|kpi_definitions|table|49152
log|kpi_values|table|65536
log|lane_carriers|table|57344
log|lane_performance|table|40960
log|lanes|table|57344
log|load_costs|table|40960
log|load_legs|table|57344
log|load_lines|table|40960
log|load_stops|table|65536
log|loads|table|90112
log|milestone_achievements|table|57344
log|milestones|table|49152
log|mv_trip_optimization_status|matview|8192
log|pickup_lines|table|40960
log|pickups|table|73728
log|pod|table|57344
log|rate_chart_versions|table|49152
log|rate_charts|table|65536
log|rate_lines|table|57344
log|rate_zones|table|49152
log|route_alternatives|table|49152
log|route_stops|table|49152
log|routes|table|49152
log|shipment_appointments|table|57344
log|shipment_lines|table|40960
log|shipment_notes|table|40960
log|shipment_statuses|table|49152
log|shipment_types|table|40960
log|shipments|table|98304
log|temperature_events|table|65536
log|tender_cascade|table|65536
log|tender_responses|table|57344
log|tenders|table|73728
log|tracking_events|table|57344
log|trip_stops|table|49152
log|trips|table|73728
log|v_ai_orchestration|view|0
log|v_carrier_scorecard|view|0
log|v_cost_metrics|view|0
log|v_delivery_exceptions|view|0
log|v_dock_schedule|view|0
log|v_driver_hos_status|view|0
log|v_fleet_utilization|view|0
log|v_fuel_consumption|view|0
log|v_in_transit|view|0
log|v_load_profitability|view|0
log|v_on_time_delivery|view|0
log|v_open_claims|view|0
log|v_real_time_tracking|view|0
log|v_shipment_dashboard|view|0
log|v_trip_manifest|view|0
log|vehicle_assignments|table|49152
log|vehicle_inspections|table|49152
log|vehicle_maintenance|table|57344
log|vehicle_types|table|81920
log|vehicles|table|131072
log|workflow_approval_hierarchies|table|40960
log|workflow_approval_history|table|49152
log|workflow_definitions|table|49152
log|workflow_tasks|table|65536
log|yard_gate_transactions|table|49152
log|yard_inventory|table|57344
log|yard_locations|table|49152
mdm|__drizzle_migrations|table|24576
mdm|ai_agent_logs|table|32768
mdm|ai_workflow_state|table|57344
mdm|attribute_change_history|table|32768
mdm|attribute_groups|table|16384
mdm|attributes|table|24576
mdm|bom_alternate_designators|table|32768
mdm|bom_comparison_lines|table|16384
mdm|bom_comparisons|table|16384
mdm|bom_components|table|98304
mdm|bom_config_models|table|24576
mdm|bom_config_options|table|24576
mdm|bom_config_rules|table|24576
mdm|bom_coproducts|table|32768
mdm|bom_headers|table|114688
mdm|bom_phantoms|table|24576
mdm|bom_reference_designators|table|24576
mdm|bom_statuses|table|32768
mdm|bom_substitutes|table|32768
mdm|bom_types|table|32768
mdm|categories|table|90112
mdm|category_sets|table|32768
mdm|compliance_certificates|table|40960
mdm|compliance_declarations|table|32768
mdm|compliance_types|table|32768
mdm|component_supply_types|table|32768
mdm|cross_reference_types|table|32768
mdm|cross_references|table|49152
mdm|customer_items|table|40960
mdm|data_domains|table|16384
mdm|data_quality_results|table|40960
mdm|data_quality_rules|table|24576
mdm|document_assignments|table|32768
mdm|document_revisions|table|32768
mdm|document_types|table|32768
mdm|documents|table|40960
mdm|effectivity_rules|table|32768
mdm|eng_ecn_acknowledgments|table|24576
mdm|eng_ecns|table|32768
mdm|eng_eco_affected_orders|table|24576
mdm|eng_eco_revised_boms|table|40960
mdm|eng_eco_revised_items|table|40960
mdm|eng_eco_types|table|32768
mdm|eng_ecos|table|49152
mdm|eng_ecr_types|table|32768
mdm|eng_ecrs|table|57344
mdm|eng_impact_analysis|table|24576
mdm|image_assignments|table|32768
mdm|image_types|table|32768
mdm|images|table|24576
mdm|import_batches|table|24576
mdm|import_lines|table|40960
mdm|item_attribute_values|table|40960
mdm|item_category_assignments|table|90112
mdm|item_costs|table|32768
mdm|item_descriptions|table|32768
mdm|item_lifecycle_history|table|32768
mdm|item_org_attributes|table|32768
mdm|item_revisions|table|40960
mdm|item_statuses|table|32768
mdm|item_substances|table|24576
mdm|item_types|table|32768
mdm|item_uom_conversions|table|24576
mdm|items|table|172032
mdm|lifecycle_definitions|table|32768
mdm|lifecycle_phases|table|49152
mdm|packaging_levels|table|32768
mdm|pd_deliverables|table|24576
mdm|pd_ideas|table|24576
mdm|pd_milestones|table|32768
mdm|pd_projects|table|40960
mdm|pd_requirements|table|40960
mdm|pd_samples|table|40960
mdm|pd_specifications|table|32768
mdm|pd_stage_gates|table|32768
mdm|pd_tests|table|49152
mdm|price_list_lines|table|32768
mdm|price_lists|table|24576
mdm|restricted_substances|table|16384
mdm|saved_searches|table|16384
mdm|sku_colors|table|16384
mdm|sku_dimensions|table|65536
mdm|sku_sizes|table|16384
mdm|supplier_items|table|40960
mdm|supported_languages|table|32768
mdm|translations|table|40960
mdm|uom_classes|table|32768
mdm|uom_conversions|table|90112
mdm|uoms|table|49152
mdm|v_ai_orchestration_status|view|0
mdm|v_bom_explosion|view|0
mdm|v_bom_where_used|view|0
mdm|v_category_hierarchy|view|0
mdm|v_compliance_status|view|0
mdm|v_eco_pending_approval|view|0
mdm|v_ecr_open|view|0
mdm|v_effectivity_report|view|0
mdm|v_item_categories|view|0
mdm|v_item_lifecycle_status|view|0
mdm|v_item_master_summary|view|0
mdm|v_price_list_summary|view|0
mdm|v_product_development_status|view|0
mdm|v_uom_conversion_summary|view|0
mdm|value_set_values|table|32768
mdm|value_sets|table|16384
mdm|workflow_approvals|table|32768
mdm|workflow_definitions|table|24576
mdm|workflow_instances|table|40960
mes|__drizzle_migrations|table|24576
mes|job_orders|table|24576
mes|machine_telemetry|table|114688
mes|mes_ai_agent_logs|table|32768
mes|mes_ai_feature_store|table|32768
mes|mes_ai_model_registry|table|16384
mes|mes_ai_workflow_states|table|16384
mes|mes_alerts|table|114688
mes|mes_algorithms|table|16384
mes|mes_andon_boards|table|24576
mes|mes_andon_triggers|table|16384
mes|mes_batch_record_materials|table|8192
mes|mes_batch_record_steps|table|16384
mes|mes_batch_records|table|49152
mes|mes_crew_assignments|table|16384
mes|mes_crews|table|24576
mes|mes_crib_compartments|table|8192
mes|mes_crib_packing_results|table|8192
mes|mes_dashboard_oee_summary|view|0
mes|mes_dashboard_quality_alerts|view|0
mes|mes_dashboard_work_order_progress|view|0
mes|mes_delivery_requests|table|32768
mes|mes_delivery_routes|table|16384
mes|mes_digital_twin_models|table|16384
mes|mes_document_instances|table|16384
mes|mes_documents|table|24576
mes|mes_downtime_events|table|106496
mes|mes_downtime_reasons|table|40960
mes|mes_energy_meters|table|65536
mes|mes_energy_readings|table|106496
mes|mes_equipment|table|114688
mes|mes_equipment_assignments|table|32768
mes|mes_equipment_capabilities|table|8192
mes|mes_equipment_certifications|table|8192
mes|mes_equipment_classes|table|49152
mes|mes_equipment_connections|table|32768
mes|mes_equipment_data_points|table|40960
mes|mes_equipment_locations|table|49152
mes|mes_equipment_statuses|table|40960
mes|mes_equipment_types|table|49152
mes|mes_genealogy|table|147456
mes|mes_genealogy_snapshots|table|16384
mes|mes_instruction_acknowledgments|table|16384
mes|mes_instruction_versions|table|24576
mes|mes_instructions|table|81920
mes|mes_integration_connections|table|24576
mes|mes_integration_logs|table|32768
mes|mes_kpi_actuals|table|24576
mes|mes_kpi_definitions|table|65536
mes|mes_labor_assignments|table|8192
mes|mes_labor_time_collection|table|32768
mes|mes_line_balancing|table|8192
mes|mes_llm_configs|table|32768
mes|mes_machine_alarms|table|163840
mes|mes_machine_data_values|table|671744
mes|mes_machine_events|table|221184
mes|mes_machine_programs|table|16384
mes|mes_maintenance_history|table|16384
mes|mes_maintenance_parts|table|8192
mes|mes_maintenance_schedules|table|65536
mes|mes_maintenance_work_orders|table|65536
mes|mes_material_consumption|table|114688
mes|mes_material_issues|table|24576
mes|mes_material_returns|table|8192
mes|mes_ml_model_versions|table|24576
mes|mes_ml_models|table|65536
mes|mes_notifications|table|16384
mes|mes_oee_calculations|table|57344
mes|mes_oee_losses|table|24576
mes|mes_oee_targets|table|8192
mes|mes_operation_execution|table|98304
mes|mes_operation_steps|table|24576
mes|mes_operator_assignments|table|24576
mes|mes_operator_certifications|table|8192
mes|mes_operator_performance|table|8192
mes|mes_operator_schedules|table|24576
mes|mes_operator_skills|table|57344
mes|mes_operator_training|table|8192
mes|mes_operators|table|90112
mes|mes_optimization_problems|table|32768
mes|mes_optimization_results|table|24576
mes|mes_ortools_problems|table|32768
mes|mes_performance_actuals|table|24576
mes|mes_performance_metrics|table|16384
mes|mes_predictions|table|81920
mes|mes_production_cells|table|32768
mes|mes_production_lines|table|65536
mes|mes_prompt_templates|table|32768
mes|mes_quality_holds|table|32768
mes|mes_quality_inspections|table|98304
mes|mes_quality_spc_data|table|57344
mes|mes_resource_availability|table|16384
mes|mes_resource_costs|table|8192
mes|mes_resource_types|table|16384
mes|mes_resources|table|32768
mes|mes_scenarios|table|16384
mes|mes_schedule_results|table|49152
mes|mes_scheduling_problems|table|65536
mes|mes_scipy_analyses|table|16384
mes|mes_sensor_calibrations|table|32768
mes|mes_sensors|table|49152
mes|mes_shift_handovers|table|16384
mes|mes_shift_schedules|table|73728
mes|mes_shifts|table|40960
mes|mes_solver_configs|table|16384
mes|mes_station_assignments|table|8192
mes|mes_station_types|table|49152
mes|mes_stations|table|81920
mes|mes_tool_cribs|table|24576
mes|mes_tooling_assignments|table|8192
mes|mes_tooling_life_tracking|table|32768
mes|mes_tooling_master|table|98304
mes|mes_tooling_types|table|49152
mes|mes_vector_store_configs|table|32768
mes|mes_vector_store_documents|table|49152
mes|mes_work_center_calendars|table|32768
mes|mes_work_center_capacities|table|16384
mes|mes_work_center_constraints|table|16384
mes|mes_work_center_types|table|49152
mes|mes_work_centers|table|81920
mes|mes_work_order_execution|table|147456
mes|mes_work_order_holds|table|32768
mes|mes_work_order_signatures|table|16384
mes|mes_workflow_definitions|table|32768
mes|mes_workflow_executions|table|65536
mes|mv_machine_telemetry_latest|matview|40960
mes|v_work_center_status|view|0
mes|work_centers|table|49152
om|__drizzle_migrations|table|24576
om|ai_agent_logs|table|32768
om|ai_decisions|table|32768
om|ai_workflow_state|table|32768
om|customer_attributes|table|32768
om|import_error_log|table|16384
om|line_types|table|65536
om|om_headers|table|114688
om|om_lines|table|65536
om|om_shipments|table|40960
om|order_import_interface|table|40960
om|order_types|table|65536
om|shipment_tracking|table|32768
om|v_ai_orchestration_status|view|0
om|v_order_line_details|view|0
om|v_order_summary|view|0
om|v_so_summary|view|0
om|v_wms_task_queue|view|0
om|wms_callbacks|table|16384
om|wms_task_queue|table|40960
om|workflow_assignments|table|8192
om|workflow_definitions|table|49152
om|workflow_tasks|table|32768
po|__drizzle_migrations|table|24576
po|ai_agent_logs|table|32768
po|ai_decisions|table|32768
po|ai_workflow_state|table|24576
po|approval_hierarchies|table|73728
po|approval_history|table|40960
po|import_error_log|table|16384
po|import_interface|table|32768
po|invoice_lines|table|32768
po|invoices|table|49152
po|match_exceptions|table|32768
po|po_amendments|table|49152
po|po_approvals|table|32768
po|po_distributions|table|65536
po|po_headers|table|188416
po|po_lines|table|147456
po|po_releases|table|16384
po|po_shipments|table|131072
po|pr_approvals|table|81920
po|pr_distributions|table|65536
po|pr_headers|table|147456
po|pr_lines|table|114688
po|receiving_headers|table|57344
po|receiving_inspection|table|24576
po|receiving_lines|table|49152
po|receiving_returns|table|49152
po|rfq_headers|table|40960
po|rfq_lines|table|24576
po|rfq_quotation_lines|table|24576
po|rfq_quotations|table|32768
po|supplier_categories|table|65536
po|supplier_contacts|table|65536
po|supplier_performance|table|65536
po|v_ai_orchestration_status|view|0
po|v_approval_pending|view|0
po|v_po_line_details|view|0
po|v_po_shipment_details|view|0
po|v_po_summary|view|0
po|v_po_suppliers|view|0
po|v_supplier_performance|view|0
po|v_wms_receiving_queue|view|0
prod|__drizzle_migrations|table|24576
prod|ai_agent_logs|table|16384
prod|ai_decisions|table|32768
prod|ai_workflow_state|table|16384
prod|bom_components_ext|table|16384
prod|engineering_change_orders|table|24576
prod|import_error_log|table|16384
prod|import_interface|table|24576
prod|mps_entries|table|16384
prod|mrp_recommendations|table|16384
prod|mv_production_progress|matview|40960
prod|prod_work_orders|table|40960
prod|production_calendar|table|16384
prod|resources|table|24576
prod|routing_headers|table|24576
prod|routing_operations|table|24576
prod|v_work_order_status|view|0
prod|wip_movements|table|16384
prod|work_centers|table|40960
prod|work_order_operations|table|24576
prod|work_order_requirements|table|16384
prod|workflow_definitions|table|24576
prod|workflow_tasks|table|16384
public|_schema_migrations|table|24576
public|core.activities|table|16384
public|core.addresses|table|16384
public|core.bom_components|table|8192
public|core.bom_headers|table|16384
public|core.business_units|table|16384
public|core.calendar_events|table|16384
public|core.companies|table|16384
public|core.corporates|table|8192
public|core.countries|table|8192
public|core.currencies|table|8192
public|core.event_store|table|16384
public|core.item_categories|table|16384
public|core.items|table|24576
public|core.locations|table|8192
public|core.partners|table|24576
public|core.sites|table|8192
public|core.sku_dimensions|table|8192
public|core.system_config|table|24576
public|core.todos|table|8192
public|core.uoms|table|8192
public|core.users|table|24576
public|core.warehouses|table|8192
qc|__drizzle_migrations|table|24576
qc|ai_agent_logs|table|49152
qc|ai_decisions|table|98304
qc|ai_model_registry|table|65536
qc|ai_workflow_state|table|106496
qc|inspection_checklist|table|32768
qc|inspection_orders|table|49152
qc|inspection_plans|table|24576
qc|inspection_results|table|24576
qc|mv_inspection_pass_rate|matview|40960
qc|qc_agent_definitions|table|106496
qc|qc_algorithms|table|40960
qc|qc_audit_findings|table|65536
qc|qc_audits|table|131072
qc|qc_capa_actions|table|49152
qc|qc_capa_headers|table|73728
qc|qc_characteristic_value_sets|table|65536
qc|qc_characteristics|table|81920
qc|qc_complaint_investigations|table|49152
qc|qc_control_plan_characteristics|table|49152
qc|qc_control_plans|table|49152
qc|qc_cost_of_quality|table|114688
qc|qc_customer_complaints|table|147456
qc|qc_defect_master|table|98304
qc|qc_defect_occurrences|table|57344
qc|qc_documents|table|139264
qc|qc_equipment_calibration|table|57344
qc|qc_failure_analysis|table|49152
qc|qc_fmea_actions|table|32768
qc|qc_fmea_headers|table|98304
qc|qc_fmea_items|table|81920
qc|qc_holds|table|65536
qc|qc_inspection_equipment|table|32768
qc|qc_inspection_lots|table|32768
qc|qc_inspection_routes|table|32768
qc|qc_inspections|table|188416
qc|qc_integration_connections|table|40960
qc|qc_integration_logs|table|40960
qc|qc_kpi_actuals|table|49152
qc|qc_kpi_definitions|table|81920
qc|qc_langgraph_executions|table|106496
qc|qc_langgraph_states|table|90112
qc|qc_langgraph_workflows|table|122880
qc|qc_llm_configs|table|81920
qc|qc_lot_dispositions|table|65536
qc|qc_ml_models|table|114688
qc|qc_msa_measurements|table|32768
qc|qc_msa_studies|table|49152
qc|qc_ncr_attachments|table|24576
qc|qc_ncr_containment|table|65536
qc|qc_ncr_headers|table|212992
qc|qc_notifications|table|49152
qc|qc_optimization_problems|table|57344
qc|qc_ortools_problems|table|106496
qc|qc_plan_attachments|table|24576
qc|qc_plan_elements|table|81920
qc|qc_plan_triggers|table|57344
qc|qc_plans|table|114688
qc|qc_ppap_submissions|table|57344
qc|qc_predictions|table|114688
qc|qc_prompt_templates|table|81920
qc|qc_root_cause_analysis|table|98304
qc|qc_root_cause_causes|table|65536
qc|qc_sample_containers|table|32768
qc|qc_sample_packing_results|table|32768
qc|qc_sampling_plan_lines|table|49152
qc|qc_sampling_plans|table|114688
qc|qc_scenarios|table|57344
qc|qc_scipy_analyses|table|90112
qc|qc_solver_configs|table|49152
qc|qc_spc_alerts|table|40960
qc|qc_spc_charts|table|131072
qc|qc_spc_data_points|table|163840
qc|qc_spec_limits|table|73728
qc|qc_specs|table|114688
qc|qc_supplier_profiles|table|81920
qc|qc_supplier_scorecards|table|98304
qc|qc_test_equipment|table|114688
qc|qc_test_methods|table|98304
qc|qc_test_result_lines|table|98304
qc|qc_test_results|table|98304
qc|qc_training_attendees|table|49152
qc|qc_training_courses|table|81920
qc|qc_vector_documents|table|122880
qc|v_inspection_status|view|0
qc|v_qc_audit_schedule|view|0
qc|v_qc_capa_summary|view|0
qc|v_qc_cost_of_quality|view|0
qc|v_qc_defect_pareto|view|0
qc|v_qc_inspection_summary|view|0
qc|v_qc_kpi_dashboard|view|0
qc|v_qc_ncr_summary|view|0
qc|v_qc_supplier_scorecard|view|0
reporting|mv_x_procure_to_pay|matview|40960
reporting|v_x_customer_scorecard|view|0
reporting|v_x_inventory_position|view|0
reporting|v_x_supplier_scorecard|view|0
scm|__drizzle_migrations|table|24576
scm|agent_proposals|table|32768
scm|business_weights|table|8192
scm|conflicts|table|32768
scm|control_tower_activities|table|16384
scm|control_tower_alerts|table|16384
scm|demand_forecasts|table|24576
scm|disruption_scenarios|table|16384
scm|escalation_tickets|table|32768
scm|experience_ledger|table|32768
scm|experience_ledger_cold|table|16384
scm|lot_size_policies|table|24576
scm|mrp_action_messages|table|16384
scm|mrp_demand_records|table|32768
scm|mrp_exceptions|table|32768
scm|mrp_pegging|table|8192
scm|mrp_plans|table|24576
scm|mrp_supply_records|table|24576
scm|mv_replenishment_recommendations|matview|40960
scm|plan_scenarios|table|16384
scm|planning_time_fences|table|24576
scm|replenishment_plans|table|24576
scm|scm_ai_agent_execution_logs|table|24576
scm|scm_ai_cost_tracking|table|16384
scm|scm_ai_decisions|table|16384
scm|scm_ai_experiment_tracking|table|16384
scm|scm_ai_feature_store|table|16384
scm|scm_ai_model_registry|table|24576
scm|scm_ai_workflow_state|table|98304
scm|scm_alert_escalations|table|16384
scm|scm_alert_notifications|table|16384
scm|scm_alert_rules|table|24576
scm|scm_alert_types|table|24576
scm|scm_alerts|table|40960
scm|scm_algorithm_tests|table|16384
scm|scm_algorithm_versions|table|24576
scm|scm_algorithms|table|24576
scm|scm_bin_packing_items|table|24576
scm|scm_bin_packing_metrics|table|8192
scm|scm_bin_packing_problems|table|32768
scm|scm_bin_packing_results|table|16384
scm|scm_bin_types|table|16384
scm|scm_demand_classes|table|24576
scm|scm_demand_drivers|table|16384
scm|scm_demand_sources|table|24576
scm|scm_demand_time_series|table|73728
scm|scm_distribution_allocation_rules|table|24576
scm|scm_distribution_cost_to_serve|table|8192
scm|scm_distribution_network|table|8192
scm|scm_distribution_plan_lines|table|16384
scm|scm_distribution_plans|table|16384
scm|scm_distribution_service_levels|table|8192
scm|scm_forecast_accuracy|table|8192
scm|scm_forecast_models|table|24576
scm|scm_forecast_values|table|40960
scm|scm_forecast_versions|table|16384
scm|scm_integration_connections|table|24576
scm|scm_integration_logs|table|32768
scm|scm_integration_mappings|table|16384
scm|scm_inventory_aging|table|8192
scm|scm_inventory_classifications|table|24576
scm|scm_inventory_health|table|8192
scm|scm_inventory_optimization_params|table|8192
scm|scm_inventory_policies|table|32768
scm|scm_inventory_recommendations|table|32768
scm|scm_inventory_targets|table|8192
scm|scm_kpi_alerts|table|16384
scm|scm_kpi_benchmarks|table|8192
scm|scm_kpi_definitions|table|24576
scm|scm_kpi_values|table|24576
scm|scm_langchain_agent_executions|table|24576
scm|scm_langchain_agents|table|24576
scm|scm_langchain_chains|table|24576
scm|scm_langchain_documents|table|81920
scm|scm_langchain_executions|table|24576
scm|scm_langchain_llm_configs|table|49152
scm|scm_langchain_prompt_templates|table|49152
scm|scm_langchain_vector_stores|table|49152
scm|scm_langgraph_edges|table|49152
scm|scm_langgraph_executions|table|65536
scm|scm_langgraph_logs|table|49152
scm|scm_langgraph_nodes|table|49152
scm|scm_langgraph_workflows|table|49152
scm|scm_ml_model_deployments|table|16384
scm|scm_ml_model_types|table|24576
scm|scm_ml_models|table|49152
scm|scm_ml_monitoring|table|8192
scm|scm_ml_training_runs|table|24576
scm|scm_network_arcs|table|32768
scm|scm_network_capacities|table|8192
scm|scm_network_costs|table|8192
scm|scm_network_flows|table|16384
scm|scm_network_nodes|table|16384
scm|scm_network_risk_assessment|table|8192
scm|scm_network_scenarios|table|16384
scm|scm_optimization_execution_log|table|24576
scm|scm_optimization_problems|table|24576
scm|scm_optimization_sensitivity|table|8192
scm|scm_optimization_solutions|table|24576
scm|scm_ortools_problems|table|81920
scm|scm_ortools_solutions|table|49152
scm|scm_pick_path_learning|table|16384
scm|scm_pick_path_problems|table|8192
scm|scm_pick_path_solutions|table|24576
scm|scm_prediction_accuracy|table|8192
scm|scm_prediction_features|table|16384
scm|scm_prediction_overrides|table|16384
scm|scm_prediction_types|table|24576
scm|scm_predictions|table|81920
scm|scm_procurement_contracts|table|24576
scm|scm_procurement_recommendations|table|24576
scm|scm_procurement_savings|table|8192
scm|scm_procurement_scenarios|table|16384
scm|scm_procurement_strategies|table|16384
scm|scm_procurement_tco|table|8192
scm|scm_promotion_calendars|table|16384
scm|scm_routing_distance_matrix|table|24576
scm|scm_routing_locations|table|16384
scm|scm_routing_problems|table|32768
scm|scm_routing_solutions|table|49152
scm|scm_routing_vehicles|table|8192
scm|scm_scenario_comparisons|table|16384
scm|scm_scenario_results|table|24576
scm|scm_scenario_templates|table|16384
scm|scm_scenario_types|table|24576
scm|scm_scenarios|table|16384
scm|scm_scipy_problems|table|24576
scm|scm_scipy_results|table|24576
scm|scm_scipy_statistical_tests|table|16384
scm|scm_seasonality_indices|table|16384
scm|scm_solver_benchmarks|table|16384
scm|scm_solver_instances|table|16384
scm|scm_solver_logs|table|24576
scm|scm_solver_parameters|table|16384
scm|scm_solver_types|table|24576
scm|scm_sop_cycles|table|16384
scm|scm_sop_decisions|table|16384
scm|scm_sop_demand_plans|table|8192
scm|scm_sop_kpis|table|8192
scm|scm_sop_reconciliation|table|16384
scm|scm_sop_scenarios|table|24576
scm|scm_sop_supply_plans|table|8192
scm|scm_supplier_forecasts|table|8192
scm|scm_supplier_performance|table|24576
scm|scm_supplier_profiles|table|16384
scm|scm_supplier_risk_assessments|table|16384
scm|scm_supplier_scorecards|table|24576
scm|scm_supplier_sustainability|table|8192
scm|scm_supply_calendar_dates|table|65536
scm|scm_supply_calendars|table|49152
scm|scm_supply_constraints|table|24576
scm|scm_supply_lead_times|table|40960
scm|scm_supply_plan_lines|table|32768
scm|scm_supply_plans|table|16384
scm|scm_supply_risks|table|16384
scm|scm_supply_sources|table|24576
scm|scm_transportation_constraints|table|8192
scm|scm_transportation_costs|table|8192
scm|scm_transportation_modes|table|24576
scm|scm_transportation_recommendations|table|16384
scm|scm_transportation_scenarios|table|16384
scm|scm_transportation_service_levels|table|8192
scm|scm_warehouse_aisles|table|8192
scm|scm_warehouse_locations|table|8192
scm|scm_warehouse_pick_batches|table|16384
scm|scm_warehouse_pick_lines|table|16384
scm|scm_warehouse_pick_orders|table|8192
scm|scm_warehouse_waves|table|16384
scm|scm_warehouse_zones|table|8192
scm|v_ai_model_performance|view|0
scm|v_alert_summary|view|0
scm|v_carbon_footprint_report|view|0
scm|v_demand_forecast_summary|view|0
scm|v_inventory_optimization_summary|view|0
scm|v_kpi_dashboard|view|0
scm|v_optimization_execution_history|view|0
scm|v_scenario_comparison|view|0
scm|v_supplier_scorecard|view|0
scm|v_supply_plan_summary|view|0
sup|__drizzle_migrations|table|24576
sup|portal_users|table|40960
sup|rfq_responses|table|24576
sup|shipment_advices|table|40960
sup|v_asn_status|view|0
sup|v_rfq_summary|view|0
tax|__drizzle_migrations|table|24576
tax|mv_tax_summary_by_period|matview|40960
tax|partner_tax_profiles|table|32768
tax|tax_accounts|table|24576
tax|tax_agent_definitions|table|16384
tax|tax_ai_agent_logs|table|24576
tax|tax_ai_decisions|table|24576
tax|tax_ai_model_registry|table|24576
tax|tax_ai_workflow_state|table|16384
tax|tax_algorithms|table|16384
tax|tax_archive_containers|table|16384
tax|tax_assessment_disputes|table|24576
tax|tax_assessments|table|24576
tax|tax_audit_findings|table|24576
tax|tax_audit_responses|table|24576
tax|tax_audit_route_locations|table|16384
tax|tax_audit_routes|table|24576
tax|tax_audits|table|40960
tax|tax_authorities|table|65536
tax|tax_authority_contacts|table|24576
tax|tax_certificate_jurisdictions|table|16384
tax|tax_certificates|table|65536
tax|tax_classification_rules|table|24576
tax|tax_classifications|table|16384
tax|tax_codes|table|65536
tax|tax_compliance_calendars|table|24576
tax|tax_compliance_obligations|table|16384
tax|tax_credits|table|16384
tax|tax_customs_bonds|table|24576
tax|tax_customs_declarations|table|40960
tax|tax_document_archives|table|24576
tax|tax_einvoice_configs|table|24576
tax|tax_einvoice_responses|table|24576
tax|tax_einvoices|table|32768
tax|tax_entity_relationships|table|8192
tax|tax_entity_structures|table|16384
tax|tax_exemption_jurisdictions|table|24576
tax|tax_exemptions|table|32768
tax|tax_filings|table|24576
tax|tax_hs_code_duty_rates|table|32768
tax|tax_hs_codes|table|40960
tax|tax_integration_connections|table|16384
tax|tax_integration_logs|table|32768
tax|tax_jurisdiction_addresses|table|24576
tax|tax_jurisdiction_agreements|table|32768
tax|tax_jurisdictions|table|73728
tax|tax_langgraph_executions|table|65536
tax|tax_langgraph_states|table|49152
tax|tax_langgraph_workflows|table|32768
tax|tax_lines|table|24576
tax|tax_llm_configs|table|16384
tax|tax_ml_models|table|32768
tax|tax_optimization_problems|table|32768
tax|tax_optimization_scenarios|table|24576
tax|tax_optimization_solutions|table|24576
tax|tax_ortools_problems|table|24576
tax|tax_penalties|table|16384
tax|tax_penalty_waivers|table|16384
tax|tax_periods|table|73728
tax|tax_prediction_actuals|table|16384
tax|tax_predictions|table|65536
tax|tax_prompt_templates|table|32768
tax|tax_rate_tiers|table|16384
tax|tax_rates|table|114688
tax|tax_reconciliations|table|32768
tax|tax_refunds|table|24576
tax|tax_regime_attachments|table|24576
tax|tax_regime_rules|table|24576
tax|tax_regimes|table|65536
tax|tax_registrations|table|24576
tax|tax_report_types|table|24576
tax|tax_reports|table|32768
tax|tax_return_attachments|table|24576
tax|tax_returns|table|98304
tax|tax_rule_conditions|table|24576
tax|tax_rule_tax_codes|table|16384
tax|tax_rules|table|65536
tax|tax_scenarios|table|16384
tax|tax_scipy_analyses|table|16384
tax|tax_solver_configs|table|16384
tax|tax_statuses|table|40960
tax|tax_training_runs|table|24576
tax|tax_transactions|table|155648
tax|tax_transfer_pricing_adjustments|table|24576
tax|tax_transfer_pricing_policies|table|24576
tax|tax_transfer_pricing_studies|table|24576
tax|tax_types|table|49152
tax|tax_vector_documents|table|49152
tax|tax_withholding_certificates|table|32768
tax|tax_withholding_configs|table|16384
tax|tax_withholding_payments|table|16384
tax|v_tax_audit_status|view|0
tax|v_tax_certificate_status|view|0
tax|v_tax_compliance_calendar|view|0
tax|v_tax_prediction_dashboard|view|0
tax|v_tax_regime_summary|view|0
tax|v_tax_return_status|view|0
tax|v_withholding_tax_summary|view|0
wms|__drizzle_migrations|table|24576
wms|cycle_counts|table|24576
wms|packing_tasks|table|40960
wms|picking_tasks|table|24576
wms|putaway_tasks|table|24576
wms|receiving_schedules|table|24576
wms|shipment_headers|table|40960
wms|v_cycle_count_variance|view|0
wms|v_picking_status|view|0
wms|v_receiving_status|view|0
wms|v_shipment_status|view|0
wms|warehouse_zones|table|40960
